-- ======================================
-- SAMPLE DATA INSERTS
-- ======================================

-- Insert Users (base table for all roles)
INSERT INTO users (user_id, user_name, user_email, user_ph_no, password, role) VALUES
('U001', 'John Smith', 'admin1@email.com', '+66-123-4567', 'pass123', 'Admin'),
('U002', 'Sarah Johnson', 'admin2@email.com', '+66-234-5678', 'pass123', 'Admin'),
('U003', 'Michael Chen', 'admin3@email.com', '+66-345-6789', 'pass123', 'Admin'),
('U004', 'Emily Wilson', 'teacher1@email.com', '+66-456-7890', 'pass123', 'Teacher'),
('U005', 'David Lee', 'teacher2@email.com', '+66-567-8901', 'pass123', 'Teacher'),
('U006', 'Anna Martinez', 'teacher3@email.com', '+66-678-9012', 'pass123', 'Teacher'),
('U007', 'James Brown', 'visa1@email.com', '+66-789-0123', 'pass123', 'VisaSupportOfficer'),
('U008', 'Lisa Wang', 'visa2@email.com', '+66-890-1234', 'pass123', 'VisaSupportOfficer'),
('U009', 'Robert Taylor', 'visa3@email.com', '+66-901-2345', 'pass123', 'VisaSupportOfficer'),
('U010', 'Maria Garcia', 'student1@email.com', '+66-012-3456', 'pass123', 'Student'),
('U011', 'Thomas Anderson', 'student2@email.com', '+66-123-4568', 'pass123', 'Student'),
('U012', 'Jennifer Kim', 'student3@email.com', '+66-234-5679', 'pass123', 'Student'),
('U013', 'Nathan Green', 'nathan.green@email.com', '+66-16-6850', 'pass123', 'Student'),
('U014', 'Isabella Murphy', 'isabella.murphy@email.com', '+66-25-7219', 'pass123', 'Student'),
('U015', 'Gabriel Gray', 'gabriel.gray@email.com', '+66-74-9063', 'pass123', 'Student'),
('U016', 'Charles Gray', 'charles.gray@email.com', '+66-56-8042', 'pass123', 'Student'),
('U017', 'David Turner', 'david.turner@email.com', '+66-77-3615', 'pass123', 'Student'),
('U018', 'Zoe Hall', 'zoe.hall@email.com', '+66-30-1823', 'pass123', 'Student'),
('U019', 'Evan Walker', 'evan.walker@email.com', '+66-36-6638', 'pass123', 'Student'),
('U020', 'Liam Gomez', 'liam.gomez@email.com', '+66-85-2229', 'pass123', 'Student'),
('U021', 'Logan Lewis', 'logan.lewis@email.com', '+66-33-6786', 'pass123', 'Student'),
('U022', 'Charles Peterson', 'charles.peterson@email.com', '+66-55-3515', 'pass123', 'Student'),
('U023', 'David James', 'david.james@email.com', '+66-24-6528', 'pass123', 'Student'),
('U024', 'Anna Baker', 'anna.baker@email.com', '+66-72-9440', 'pass123', 'Student'),
('U025', 'Penelope Harris', 'penelope.harris@email.com', '+66-21-7037', 'pass123', 'Student'),
('U026', 'Connor Thompson', 'connor.thompson@email.com', '+66-38-8384', 'pass123', 'Student'),
('U027', 'Hudson Wood', 'hudson.wood@email.com', '+66-12-7660', 'pass123', 'Student'),
('U028', 'Paisley King', 'paisley.king@email.com', '+66-25-7031', 'pass123', 'Student'),
('U029', 'Isaac Adams', 'isaac.adams@email.com', '+66-42-8454', 'pass123', 'Student'),
('U030', 'Oliver Evans', 'oliver.evans@email.com', '+66-45-8274', 'pass123', 'Student'),
('U031', 'Carter Lee', 'carter.lee@email.com', '+66-18-9909', 'pass123', 'Student'),
('U032', 'Evelyn Young', 'evelyn.young@email.com', '+66-54-8447', 'pass123', 'Student'),
('U033', 'Zoe Rodriguez', 'zoe.rodriguez@email.com', '+66-29-8622', 'pass123', 'Student'),
('U034', 'Sebastian Cruz', 'sebastian.cruz@email.com', '+66-37-6578', 'pass123', 'Student'),
('U035', 'Naomi James', 'naomi.james@email.com', '+66-31-6495', 'pass123', 'Student'),
('U036', 'Sofia Watson', 'sofia.watson@email.com', '+66-71-4772', 'pass123', 'Student'),
('U037', 'Penelope Wright', 'penelope.wright@email.com', '+66-95-4016', 'pass123', 'Student'),
('U038', 'Caleb Kelly', 'caleb.kelly@email.com', '+66-36-6775', 'pass123', 'Student'),
('U039', 'Alice Torres', 'alice.torres@email.com', '+66-46-2343', 'pass123', 'Student'),
('U040', 'Michael Peterson', 'michael.peterson@email.com', '+66-44-6634', 'pass123', 'Student'),
('U041', 'Luna Harris', 'luna.harris@email.com', '+66-13-7947', 'pass123', 'Student'),
('U042', 'Zoe Flores', 'zoe.flores@email.com', '+66-34-3955', 'pass123', 'Student'),
('U043', 'Savannah Sanchez', 'savannah.sanchez@email.com', '+66-70-3291', 'pass123', 'Student'),
('U044', 'Nathan Mitchell', 'nathan.mitchell@email.com', '+66-16-9708', 'pass123', 'Student'),
('U045', 'Natalie Turner', 'natalie.turner@email.com', '+66-50-7119', 'pass123', 'Student'),
('U046', 'Eleanor Gray', 'eleanor.gray@email.com', '+66-50-8963', 'pass123', 'Student'),
('U047', 'Hudson King', 'hudson.king@email.com', '+66-21-4975', 'pass123', 'Student'),
('U048', 'Logan Brown', 'logan.brown@email.com', '+66-14-2243', 'pass123', 'Student'),
('U049', 'Liam Walker', 'liam.walker@email.com', '+66-70-7678', 'pass123', 'Student'),
('U050', 'Roman Ruiz', 'roman.ruiz@email.com', '+66-56-5782', 'pass123', 'Student'),
('U051', 'Evan Ward', 'evan.ward@email.com', '+66-79-4420', 'pass123', 'Student'),
('U052', 'Amelia Scott', 'amelia.scott@email.com', '+66-82-4057', 'pass123', 'Student'),
('U053', 'Hannah Martinez', 'hannah.martinez@email.com', '+66-54-3460', 'pass123', 'Student'),
('U054', 'Harper Brooks', 'harper.brooks@email.com', '+66-99-8094', 'pass123', 'Student'),
('U055', 'Michael Robinson', 'michael.robinson@email.com', '+66-22-4250', 'pass123', 'Student'),
('U056', 'Gabriel Nelson', 'gabriel.nelson@email.com', '+66-31-6065', 'pass123', 'Student'),
('U057', 'Jonathan Ramos', 'jonathan.ramos@email.com', '+66-79-2497', 'pass123', 'Student'),
('U058', 'Sebastian Carter', 'sebastian.carter@email.com', '+66-95-8908', 'pass123', 'Student'),
('U059', 'Joseph Peterson', 'joseph.peterson@email.com', '+66-69-6963', 'pass123', 'Student'),
('U060', 'Carter Watson', 'carter.watson@email.com', '+66-18-3021', 'pass123', 'Student'),
('U061', 'Madison Turner', 'madison.turner@email.com', '+66-19-2521', 'pass123', 'Student'),
('U062', 'Jackson Parker', 'jackson.parker@email.com', '+66-92-1722', 'pass123', 'Student'),
('U063', 'Brooklyn Mitchell', 'brooklyn.mitchell@email.com', '+66-30-4896', 'pass123', 'Student'),
('U064', 'Carter Phillips', 'carter.phillips@email.com', '+66-29-5079', 'pass123', 'Student'),
('U065', 'Abigail Brooks', 'abigail.brooks@email.com', '+66-67-4366', 'pass123', 'Student'),
('U066', 'Aria Lopez', 'aria.lopez@email.com', '+66-21-5894', 'pass123', 'Student'),
('U067', 'Jayden Scott', 'jayden.scott@email.com', '+66-79-2665', 'pass123', 'Student'),
('U068', 'Lily Ramos', 'lily.ramos@email.com', '+66-83-3726', 'pass123', 'Student'),
('U069', 'Alexander Reed', 'alexander.reed@email.com', '+66-24-4028', 'pass123', 'Student'),
('U070', 'Isabella Morales', 'isabella.morales@email.com', '+66-25-1356', 'pass123', 'Student'),
('U071', 'Grace Morris', 'grace.morris@email.com', '+66-59-3717', 'pass123', 'Student'),
('U072', 'Hudson Reyes', 'hudson.reyes@email.com', '+66-61-4577', 'pass123', 'Student'),
('U073', 'Charles James', 'charles.james@email.com', '+66-93-1820', 'pass123', 'Student'),
('U074', 'Scarlett Carter', 'scarlett.carter@email.com', '+66-72-3482', 'pass123', 'Student'),
('U075', 'Stella Sanchez', 'stella.sanchez@email.com', '+66-46-9583', 'pass123', 'Student'),
('U076', 'Isabella Scott', 'isabella.scott@email.com', '+66-26-3739', 'pass123', 'Student'),
('U077', 'Jacob Campbell', 'jacob.campbell@email.com', '+66-97-8873', 'pass123', 'Student'),
('U078', 'Amelia Young', 'amelia.young@email.com', '+66-55-6641', 'pass123', 'Student'),
('U079', 'Layla Walker', 'layla.walker@email.com', '+66-12-2128', 'pass123', 'Student'),
('U080', 'Aubrey Anderson', 'aubrey.anderson@email.com', '+66-63-9572', 'pass123', 'Student'),
('U081', 'Hailey Nguyen', 'hailey.nguyen@email.com', '+66-48-6195', 'pass123', 'Student'),
('U082', 'Michael Hernandez', 'michael.hernandez@email.com', '+66-93-4608', 'pass123', 'Student'),
('U083', 'Matthew Rivera', 'matthew.rivera@email.com', '+66-86-5023', 'pass123', 'Student'),
('U084', 'Carter Sanchez', 'carter.sanchez@email.com', '+66-82-2965', 'pass123', 'Student'),
('U085', 'Sarah Lewis', 'sarah.lewis@email.com', '+66-80-1672', 'pass123', 'Student'),
('U086', 'Jack Roberts', 'jack.roberts@email.com', '+66-91-7498', 'pass123', 'Student'),
('U087', 'Nicholas Diaz', 'nicholas.diaz@email.com', '+66-36-7193', 'pass123', 'Student'),
('U088', 'Emma Rivera', 'emma.rivera@email.com', '+66-46-3900', 'pass123', 'Student'),
('U089', 'Anthony Richardson', 'anthony.richardson@email.com', '+66-19-3406', 'pass123', 'Student'),
('U090', 'William Davis', 'william.davis@email.com', '+66-18-3719', 'pass123', 'Student'),
('U091', 'Oliver Adams', 'oliver.adams@email.com', '+66-38-8690', 'pass123', 'Student'),
('U092', 'Olivia Hernandez', 'olivia.hernandez@email.com', '+66-62-8293', 'pass123', 'Student'),
('U093', 'Lincoln Taylor', 'lincoln.taylor@email.com', '+66-36-4839', 'pass123', 'Student'),
('U094', 'Jayden Ruiz', 'jayden.ruiz@email.com', '+66-13-1875', 'pass123', 'Student'),
('U095', 'Hazel Flores', 'hazel.flores@email.com', '+66-71-8285', 'pass123', 'Student'),
('U096', 'Lily Peterson', 'lily.peterson@email.com', '+66-90-2335', 'pass123', 'Student'),
('U097', 'Carter Roberts', 'carter.roberts@email.com', '+66-28-1067', 'pass123', 'Student'),
('U098', 'Aurora Howard', 'aurora.howard@email.com', '+66-12-3401', 'pass123', 'Student'),
('U099', 'Anna Allen', 'anna.allen@email.com', '+66-43-1949', 'pass123', 'Student'),
('U100', 'Grace Gray', 'grace.gray@email.com', '+66-60-8548', 'pass123', 'Student'),
('U101', 'Benjamin James', 'benjamin.james@email.com', '+66-66-5418', 'pass123', 'Student'),
('U102', 'Caroline Mendoza', 'caroline.mendoza@email.com', '+66-58-5535', 'pass123', 'Student'),
('U103', 'Paisley Allen', 'paisley.allen@email.com', '+66-57-8560', 'pass123', 'Student'),
('U104', 'Ethan Baker', 'ethan.baker@email.com', '+66-40-5911', 'pass123', 'Student'),
('U105', 'Amelia Miller', 'amelia.miller@email.com', '+66-75-3714', 'pass123', 'Student'),
('U106', 'Aria Cruz', 'aria.cruz@email.com', '+66-50-3483', 'pass123', 'Student'),
('U107', 'Leo Cruz', 'leo.cruz@email.com', '+66-48-4883', 'pass123', 'Student'),
('U108', 'Victoria Ward', 'victoria.ward@email.com', '+66-52-2393', 'pass123', 'Student'),
('U109', 'Zoe Morales', 'zoe.morales@email.com', '+66-40-4884', 'pass123', 'Student'),
('U110', 'Natalie Kelly', 'natalie.kelly@email.com', '+66-78-6683', 'pass123', 'Student'),
('U111', 'Addison Kelly', 'addison.kelly@email.com', '+66-30-2176', 'pass123', 'Student'),
('U112', 'Wyatt Ramos', 'wyatt.ramos@email.com', '+66-41-6344', 'pass123', 'Student'),
('U113', 'Mia Baker', 'mia.baker@email.com', '+66-78-2612', 'pass123', 'Student');

-- Insert Admins
INSERT INTO admin (admin_id) VALUES
('U001'),
('U002'),
('U003');

-- Insert Teachers
INSERT INTO teacher (teacher_id, course_id) VALUES
('U004', 'C001'),
('U002', 'C002'),
('U003', 'C003');

-- Insert Visa Support Officers
INSERT INTO visa_support_officer (officer_id) VALUES
('U007'),
('U008'),
('U009');

-- Insert Topics
INSERT INTO topic (topic_id, topic_name, course_id) VALUES
('T001', 'Thai Grammar Fundamentals', 'C001'),
('T002', 'Thai Conversation Skills', 'C001'),
('T003', 'Thai Reading and Writing', 'C001'),
('T004', 'English Grammar Fundamentals', 'C002'),
('T005', 'English Conversation Skills', 'C002'),
('T006', 'English Reading and Writing', 'C002'),
('T007', 'Japanese Grammar Fundamentals', 'C003'),
('T008', 'Japanese Conversation Skills', 'C003'),
('T009', 'Japanese Reading and Writing', 'C003');

-- Insert Courses
INSERT INTO course (course_id, course_name, course_fees) VALUES
('C001', 'Thai Language Proficiency', 32000.00),
('C002', 'English Language Proficiency', 35000.00),
('C003', 'Japanese Language Proficiency', 38000.00);

-- Insert Batches
INSERT INTO batch (batch_id, batch_no, start_date, end_date, course_id) VALUES
('B001', '1', '2025-09-01', '2026-09-01', 'C001'),
('B002', '2', '2025-10-01', '2026-10-01', 'C001'),
('B003', '3', '2025-11-01', '2026-11-01', 'C001'),
('B004', '4', '2026-01-01', '2027-01-01', 'C001'),
('B005', '1', '2025-07-01', '2026-07-01', 'C002'),
('B006', '2', '2025-10-01', '2026-10-01', 'C002'),
('B007', '3', '2026-01-01', '2027-01-01', 'C002'),
('B008', '1', '2025-11-01', '2026-11-01', 'C003'),
('B009', '2', '2026-02-01', '2027-02-01', 'C003');

-- Insert Students
INSERT INTO student (student_id, batch_id) VALUES
('U010', 'B001'),
('U011', 'B001'),
('U012', 'B001'),
('U013', 'B001'),
('U014', 'B001'),
('U015', 'B001'),
('U016', 'B001'),
('U017', 'B001'),
('U018', 'B001'),
('U019', 'B001'),
('U020', 'B001'),
('U021', 'B001'),
('U022', 'B001'),
('U023', 'B001'),
('U024', 'B001'),
('U025', 'B001'),
('U026', 'B001'),
('U027', 'B001'),
('U028', 'B001'),
('U029', 'B001'),
('U030', 'B002'),
('U031', 'B002'),
('U032', 'B002'),
('U033', 'B002'),
('U034', 'B002'),
('U035', 'B002'),
('U036', 'B002'),
('U037', 'B002'),
('U038', 'B002'),
('U039', 'B002'),
('U040', 'B002'),
('U041', 'B002'),
('U042', 'B002'),
('U043', 'B002'),
('U044', 'B002'),
('U045', 'B003'),
('U046', 'B003'),
('U047', 'B003'),
('U048', 'B003'),
('U049', 'B003'),
('U050', 'B003'),
('U051', 'B003'),
('U052', 'B003'),
('U053', 'B003'),
('U054', 'B003'),
('U055', 'B003'),
('U056', 'B003'),
('U057', 'B003'),
('U058', 'B003'),
('U059', 'B003'),
('U060', 'B003'),
('U061', 'B003'),
('U062', 'B003'),
('U063', 'B005'),
('U064', 'B005'),
('U065', 'B005'),
('U066', 'B005'),
('U067', 'B005'),
('U068', 'B005'),
('U069', 'B005'),
('U070', 'B005'),
('U071', 'B005'),
('U072', 'B005'),
('U073', 'B005'),
('U074', 'B005'),
('U075', 'B005'),
('U076', 'B005'),
('U077', 'B005'),
('U078', 'B005'),
('U079', 'B005'),
('U080', 'B005'),
('U081', 'B005'),
('U082', 'B005'),
('U083', 'B006'),
('U084', 'B006'),
('U085', 'B006'),
('U086', 'B006'),
('U087', 'B006'),
('U088', 'B006'),
('U089', 'B006'),
('U090', 'B006'),
('U091', 'B006'),
('U092', 'B006'),
('U093', 'B006'),
('U094', 'B006'),
('U095', 'B006'),
('U096', 'B006'),
('U097', 'B006'),
('U098', 'B006'),
('U099', 'B006'),
('U100', 'B008'),
('U101', 'B008'),
('U102', 'B008'),
('U103', 'B008'),
('U104', 'B008'),
('U105', 'B008'),
('U106', 'B008'),
('U107', 'B008'),
('U108', 'B008'),
('U109', 'B008'),
('U110', 'B008'),
('U111', 'B008'),
('U112', 'B008'),
('U113', 'B008');

-- Insert Lecture Notes
INSERT INTO lecture_note (lecture_note_id, lecture_note_name, upload_date, class_id) VALUES
('LN001', 'Introduction to Thai Alphabet', '2025-01-16', 'T001'),
('LN002', 'Thai Tones and Pronunciation', '2025-01-18', 'T001'),
('LN003', 'Basic Sentence Structure', '2025-01-20', 'T001');

-- Insert Video Lectures
INSERT INTO video_lecture (vid, v_name, v_date, class_id) VALUES
('VL001', 'Thai Language Overview', '2025-01-15', 'C001'),
('VL002', 'Conversational Thai Basics', '2025-02-01', 'C002'),
('VL003', 'Advanced Speaking Techniques', '2025-03-01', 'C003');

-- Insert Quizzes
INSERT INTO quiz (quiz_id, quiz_name, upload_date, class_id) VALUES
('Q001', 'Thai Alphabet Quiz', '2025-01-22', 'T001'),
('Q002', 'Grammar Assessment 1', '2025-01-25', 'T001'),
('Q003', 'Pronunciation Test', '2025-01-28', 'T002');

-- Insert Visa Applications
INSERT INTO visa_application (visa_application_id, visa_application_type, passport_number, visa_start_date, visa_end_date, officer_id, student_id, visa_status) VALUES
('VA001', 'Conversion', 'P123456789', '2025-01-01', '2026-01-01', 'U007', 'U010', 'Processing'),
('VA002', '1st Extension', 'P987654321', '2025-02-01', '2026-02-01', 'U008', 'U011', 'Completed'),
('VA003', '2nd Extension', 'P456789123', '2025-03-01', '2026-03-01', 'U009', 'U012', 'Processing'),
('VA004', 'Conversion', 'P987654321', '2025-02-01', '2026-02-01', 'U007', 'U013', 'Completed'),
('VA005', '1st Extension', 'P987654321', '2025-02-01', '2026-02-01', 'U008', 'U014', 'Processing'),
('VA006', '2nd Extension', 'P987654321', '2025-02-01', '2026-02-01', 'U009', 'U015', 'Completed'),
('VA007', 'Conversion', 'P987654321', '2025-02-01', '2026-02-01', 'U007', 'U016', 'Processing'),
('VA008', '1st Extension', 'P987654321', '2025-02-01', '2026-02-01', 'U008', 'U017', 'Completed'),
('VA009', '2nd Extension', 'P987654321', '2025-02-01', '2026-02-01', 'U009', 'U018', 'Processing'),
('VA010', 'Conversion', 'P987654321', '2025-02-01', '2026-02-01', 'U007', 'U019', 'Completed'),
('VA011', '1st Extension', 'P987654321', '2025-02-01', '2026-02-01', 'U008', 'U020', 'Processing'),
('VA012', '2nd Extension', 'P987654321', '2025-02-01', '2026-02-01', 'U009', 'U021', 'Completed'),
('VA013', 'Conversion', 'P987654321', '2025-02-01', '2026-02-01', 'U007', 'U022', 'Processing'),
('VA014', '1st Extension', 'P987654321', '2025-02-01', '2026-02-01', 'U008', 'U023', 'Completed'),
('VA015', '2nd Extension', 'P987654321', '2025-02-01', '2026-02-01', 'U009', 'U024', 'Processing'),
('VA016', 'Conversion', 'P987654321', '2025-02-01', '2026-02-01', 'U007', 'U025', 'Completed'),
('VA017', '1st Extension', 'P987654321', '2025-02-01', '2026-02-01', 'U008', 'U026', 'Processing'),
('VA018', '2nd Extension', 'P987654321', '2025-02-01', '2026-02-01', 'U009', 'U027', 'Completed'),
('VA019', 'Conversion', 'P987654321', '2025-02-01', '2026-02-01', 'U007', 'U028', 'Processing'),
('VA020', '1st Extension', 'P987654321', '2025-02-01', '2026-02-01', 'U008', 'U029', 'Completed'),
('VA021', '2nd Extension', 'P987654321', '2025-02-01', '2026-02-01', 'U009', 'U030', 'Processing'),
('VA022', 'Conversion', 'P987654321', '2025-02-01', '2026-02-01', 'U007', 'U031', 'Completed'),
('VA023', '1st Extension', 'P987654321', '2025-02-01', '2026-02-01', 'U008', 'U032', 'Processing'),
('VA024', '2nd Extension', 'P987654321', '2025-02-01', '2026-02-01', 'U009', 'U033', 'Completed'),
('VA025', 'Conversion', 'P987654321', '2025-02-01', '2026-02-01', 'U007', 'U034', 'Processing'),
('VA026', '1st Extension', 'P987654321', '2025-02-01', '2026-02-01', 'U008', 'U035', 'Completed'),
('VA027', '2nd Extension', 'P987654321', '2025-02-01', '2026-02-01', 'U009', 'U036', 'Processing'),
('VA028', 'Conversion', 'P987654321', '2025-02-01', '2026-02-01', 'U007', 'U037', 'Completed'),
('VA029', '1st Extension', 'P987654321', '2025-02-01', '2026-02-01', 'U008', 'U038', 'Processing'),
('VA030', '2nd Extension', 'P987654321', '2025-02-01', '2026-02-01', 'U009', 'U039', 'Completed'),
('VA031', 'Conversion', 'P987654321', '2025-02-01', '2026-02-01', 'U007', 'U040', 'Processing'),
('VA032', '1st Extension', 'P987654321', '2025-02-01', '2026-02-01', 'U008', 'U041', 'Completed'),
('VA033', '2nd Extension', 'P987654321', '2025-02-01', '2026-02-01', 'U009', 'U042', 'Processing'),
('VA034', 'Conversion', 'P987654321', '2025-02-01', '2026-02-01', 'U007', 'U043', 'Completed'),
('VA035', '1st Extension', 'P987654321', '2025-02-01', '2026-02-01', 'U008', 'U044', 'Processing'),
('VA036', '2nd Extension', 'P987654321', '2025-02-01', '2026-02-01', 'U009', 'U045', 'Completed'),
('VA037', 'Conversion', 'P987654321', '2025-02-01', '2026-02-01', 'U007', 'U046', 'Processing'),
('VA038', '1st Extension', 'P987654321', '2025-02-01', '2026-02-01', 'U008', 'U047', 'Completed'),
('VA039', '2nd Extension', 'P987654321', '2025-02-01', '2026-02-01', 'U009', 'U048', 'Processing'),
('VA040', 'Conversion', 'P987654321', '2025-02-01', '2026-02-01', 'U007', 'U049', 'Completed'),
('VA041', '1st Extension', 'P987654321', '2025-02-01', '2026-02-01', 'U008', 'U050', 'Processing'),
('VA042', '2nd Extension', 'P987654321', '2025-02-01', '2026-02-01', 'U009', 'U051', 'Completed'),
('VA043', 'Conversion', 'P987654321', '2025-02-01', '2026-02-01', 'U007', 'U052', 'Processing'),
('VA044', '1st Extension', 'P987654321', '2025-02-01', '2026-02-01', 'U008', 'U053', 'Completed'),
('VA045', '2nd Extension', 'P987654321', '2025-02-01', '2026-02-01', 'U009', 'U054', 'Processing'),
('VA046', 'Conversion', 'P987654321', '2025-02-01', '2026-02-01', 'U007', 'U055', 'Completed'),
('VA047', '1st Extension', 'P987654321', '2025-02-01', '2026-02-01', 'U008', 'U056', 'Processing'),
('VA048', '2nd Extension', 'P987654321', '2025-02-01', '2026-02-01', 'U009', 'U057', 'Completed'),
('VA049', 'Conversion', 'P987654321', '2025-02-01', '2026-02-01', 'U007', 'U058', 'Processing'),
('VA050', '1st Extension', 'P987654321', '2025-02-01', '2026-02-01', 'U008', 'U059', 'Completed'),
('VA051', '2nd Extension', 'P987654321', '2025-02-01', '2026-02-01', 'U009', 'U060', 'Processing'),
('VA052', 'Conversion', 'P987654321', '2025-02-01', '2026-02-01', 'U007', 'U061', 'Completed'),
('VA053', '1st Extension', 'P987654321', '2025-02-01', '2026-02-01', 'U008', 'U062', 'Processing'),
('VA054', '2nd Extension', 'P987654321', '2025-02-01', '2026-02-01', 'U009', 'U063', 'Completed'),
('VA055', 'Conversion', 'P987654321', '2025-02-01', '2026-02-01', 'U007', 'U064', 'Processing'),
('VA056', '1st Extension', 'P987654321', '2025-02-01', '2026-02-01', 'U008', 'U065', 'Completed'),
('VA057', '2nd Extension', 'P987654321', '2025-02-01', '2026-02-01', 'U009', 'U066', 'Processing'),
('VA058', 'Conversion', 'P987654321', '2025-02-01', '2026-02-01', 'U007', 'U067', 'Completed'),
('VA059', '1st Extension', 'P987654321', '2025-02-01', '2026-02-01', 'U008', 'U068', 'Processing'),
('VA060', '2nd Extension', 'P987654321', '2025-02-01', '2026-02-01', 'U009', 'U069', 'Completed'),
('VA061', 'Conversion', 'P987654321', '2025-02-01', '2026-02-01', 'U007', 'U070', 'Processing'),
('VA062', '1st Extension', 'P987654321', '2025-02-01', '2026-02-01', 'U008', 'U071', 'Completed'),
('VA063', '2nd Extension', 'P987654321', '2025-02-01', '2026-02-01', 'U009', 'U072', 'Processing'),
('VA064', 'Conversion', 'P987654321', '2025-02-01', '2026-02-01', 'U007', 'U073', 'Completed'),
('VA065', '1st Extension', 'P987654321', '2025-02-01', '2026-02-01', 'U008', 'U074', 'Processing'),
('VA066', '2nd Extension', 'P987654321', '2025-02-01', '2026-02-01', 'U009', 'U075', 'Completed'),
('VA067', 'Conversion', 'P987654321', '2025-02-01', '2026-02-01', 'U007', 'U076', 'Processing'),
('VA068', '1st Extension', 'P987654321', '2025-02-01', '2026-02-01', 'U008', 'U077', 'Completed'),
('VA069', '2nd Extension', 'P987654321', '2025-02-01', '2026-02-01', 'U009', 'U078', 'Processing'),
('VA070', 'Conversion', 'P987654321', '2025-02-01', '2026-02-01', 'U007', 'U079', 'Completed'),
('VA071', '1st Extension', 'P987654321', '2025-02-01', '2026-02-01', 'U008', 'U080', 'Processing'),
('VA072', '2nd Extension', 'P987654321', '2025-02-01', '2026-02-01', 'U009', 'U081', 'Completed'),
('VA073', 'Conversion', 'P987654321', '2025-02-01', '2026-02-01', 'U007', 'U082', 'Processing'),
('VA074', '1st Extension', 'P987654321', '2025-02-01', '2026-02-01', 'U008', 'U083', 'Completed'),
('VA075', '2nd Extension', 'P987654321', '2025-02-01', '2026-02-01', 'U009', 'U084', 'Processing'),
('VA076', 'Conversion', 'P987654321', '2025-02-01', '2026-02-01', 'U007', 'U085', 'Completed'),
('VA077', '1st Extension', 'P987654321', '2025-02-01', '2026-02-01', 'U008', 'U086', 'Processing'),
('VA078', '2nd Extension', 'P987654321', '2025-02-01', '2026-02-01', 'U009', 'U087', 'Completed'),
('VA079', 'Conversion', 'P987654321', '2025-02-01', '2026-02-01', 'U007', 'U088', 'Processing'),
('VA080', '1st Extension', 'P987654321', '2025-02-01', '2026-02-01', 'U008', 'U089', 'Completed'),
('VA081', '2nd Extension', 'P987654321', '2025-02-01', '2026-02-01', 'U009', 'U090', 'Processing'),
('VA082', 'Conversion', 'P987654321', '2025-02-01', '2026-02-01', 'U007', 'U091', 'Completed'),
('VA083', '1st Extension', 'P987654321', '2025-02-01', '2026-02-01', 'U008', 'U092', 'Processing'),
('VA084', '2nd Extension', 'P987654321', '2025-02-01', '2026-02-01', 'U009', 'U093', 'Completed'),
('VA085', 'Conversion', 'P987654321', '2025-02-01', '2026-02-01', 'U007', 'U094', 'Processing'),
('VA086', '1st Extension', 'P987654321', '2025-02-01', '2026-02-01', 'U008', 'U095', 'Completed'),
('VA087', '2nd Extension', 'P987654321', '2025-02-01', '2026-02-01', 'U009', 'U096', 'Processing'),
('VA088', 'Conversion', 'P987654321', '2025-02-01', '2026-02-01', 'U007', 'U097', 'Completed'),
('VA089', '1st Extension', 'P987654321', '2025-02-01', '2026-02-01', 'U008', 'U098', 'Processing'),
('VA090', '2nd Extension', 'P987654321', '2025-02-01', '2026-02-01', 'U009', 'U099', 'Completed'),
('VA091', 'Conversion', 'P987654321', '2025-02-01', '2026-02-01', 'U007', 'U100', 'Processing'),
('VA092', '1st Extension', 'P987654321', '2025-02-01', '2026-02-01', 'U008', 'U101', 'Completed'),
('VA093', '2nd Extension', 'P987654321', '2025-02-01', '2026-02-01', 'U009', 'U102', 'Processing'),
('VA094', 'Conversion', 'P987654321', '2025-02-01', '2026-02-01', 'U007', 'U103', 'Completed'),
('VA095', '1st Extension', 'P987654321', '2025-02-01', '2026-02-01', 'U008', 'U104', 'Processing'),
('VA096', '2nd Extension', 'P987654321', '2025-02-01', '2026-02-01', 'U009', 'U105', 'Completed'),
('VA097', 'Conversion', 'P987654321', '2025-02-01', '2026-02-01', 'U007', 'U106', 'Processing'),
('VA098', '1st Extension', 'P987654321', '2025-02-01', '2026-02-01', 'U008', 'U107', 'Completed'),
('VA099', '2nd Extension', 'P987654321', '2025-02-01', '2026-02-01', 'U009', 'U108', 'Processing'),
('VA100', 'Conversion', 'P987654321', '2025-02-01', '2026-02-01', 'U007', 'U109', 'Completed'),
('VA101', '1st Extension', 'P987654321', '2025-02-01', '2026-02-01', 'U008', 'U110', 'Processing'),
('VA102', '2nd Extension', 'P987654321', '2025-02-01', '2026-02-01', 'U009', 'U111', 'Completed'),
('VA103', 'Conversion', 'P987654321', '2025-02-01', '2026-02-01', 'U007', 'U112', 'Processing'),
('VA104', '1st Extension', 'P987654321', '2025-02-01', '2026-02-01', 'U008', 'U113', 'Completed');

-- Insert Documents
INSERT INTO document (document_id, document_type, received_date, visa_application_id) VALUES
('D001', 'Passport Copy', '2024-12-15', 'VA001'),
('D002', 'Enrollment Certificate', '2024-12-20', 'VA001'),
('D003', 'Financial Statement', '2024-12-22', 'VA001');

-- Insert Admin Course Actions
INSERT INTO admin_course (admin_class_id, admin_id, course_id) VALUES
('AC001', 'U001', 'C001'),
('AC002', 'U001', 'C002'),
('AC003', 'U001', 'C003'),
('AC004', 'U002', 'C001'),
('AC005', 'U002', 'C002'),
('AC006', 'U002', 'C003'),
('AC007', 'U003', 'C001'),
('AC008', 'U003', 'C002'),
('AC009', 'U003', 'C003');

-- Insert Feedback
INSERT INTO feedback (feedback_id, student_id, class_id, rating, comment, date) VALUES
('F001', 'U010', 'C001', 5, 'Excellent course! Very helpful teacher.', '2025-02-15'),
('F002', 'U011', 'C001', 4, 'Good content but could use more practice exercises.', '2025-02-16'),
('F003', 'U012', 'C002', 5, 'Amazing experience. Learned so much!', '2025-03-20');

-- Insert Activity Log
INSERT INTO activity_log (log_id, user_id, action_type, action_date, description) VALUES
('AL001', 'U001', 'Login', '2025-01-15', 'Admin logged into system'),
('AL002', 'U010', 'Enrollment', '2025-01-15', 'Student enrolled in Basic Thai Language'),
('AL003', 'U004', 'Upload', '2025-01-16', 'Teacher uploaded lecture notes for Topic T001');
