
-- =============================================================
-- SAMPLE DATA INSERTS
-- =============================================================

-- ADMINS
INSERT INTO admin (admin_id, admin_name, admin_email, admin_ph_no) VALUES
('A001', 'Alice Green', 'alice.green@liberty.com', '0811111111'),
('A002', 'Ben Carter', 'ben.carter@liberty.com', '0812222222'),
('A003', 'Clara Young', 'clara.young@liberty.com', '0813333333');

-- TEACHERS
INSERT INTO teacher (teacher_id, teacher_name, teacher_email, teacher_ph_no) VALUES
('T001', 'David Lee', 'david.lee@liberty.com', '0821111111'),
('T002', 'Sophie Wong', 'sophie.wong@liberty.com', '0822222222'),
('T003', 'Michael Tan', 'michael.tan@liberty.com', '0823333333');

-- STUDENTS
INSERT INTO student (student_id, student_name, student_email, student_ph_no) VALUES
('S001', 'Emma Brown', 'emma.brown@example.com', '0831111111'),
('S002', 'Liam Smith', 'liam.smith@example.com', '0832222222'),
('S003', 'Noah Kim', 'noah.kim@example.com', '0833333333');

-- VISA SUPPORT OFFICERS
INSERT INTO visa_support_officer (officer_id, officer_name, officer_email, officer_ph_no) VALUES
('V001', 'James Park', 'james.park@liberty.com', '0841111111'),
('V002', 'Olivia Chan', 'olivia.chan@liberty.com', '0842222222'),
('V003', 'Henry White', 'henry.white@liberty.com', '0843333333');

-- USERS (each linked to one role)
INSERT INTO users (user_id, role, email, password) VALUES
('U001', 'Admin', 'abc@gmail.com', 'abc'),
('U002', 'Teacher', 'def@gmail.com', 'def'),
('U003', 'Student', 'ghi@gmail.com', 'ghi'),
('U004', 'VisaSupportOfficer', 'jkl@gmail.com', 'jkl'),
('U005', 'Teacher', 'mno@gmail.com', 'mno'),
('U006', 'Student','pqr@gmail.com', 'pqr');

-- PROGRAMMES
INSERT INTO programme (programme_id, programme_name) VALUES
('P001', 'Thai Language Programme'),
('P002', 'English Language Programme'),
('P003', 'NCC Diploma in Computing');

-- CLASSES
INSERT INTO class (class_id, class_name, class_date, teacher_id, programme_id) VALUES
('C001', 'Thai Beginner Class', '2025-11-01', 'T001', 'P001'),
('C002', 'English Intermediate Class', '2025-11-02', 'T002', 'P002'),
('C003', 'Computing Systems', '2025-11-03', 'T003', 'P003');

-- STUDENT ↔ CLASS
INSERT INTO student_class (student_class_id, student_id, class_id) VALUES
('SC001', 'S001', 'C001'),
('SC002', 'S002', 'C002'),
('SC003', 'S003', 'C003');

-- ADMIN ↔ CLASS
INSERT INTO admin_class (admin_class_id, admin_id, class_id) VALUES
('AC001', 'A001', 'C001'),
('AC002', 'A002', 'C002'),
('AC003', 'A003', 'C003');

-- VISA APPLICATIONS
INSERT INTO visa_application (visa_application_id, visa_applicant_name, visa_start_date, visa_end_date, passport_number, officer_id) VALUES
('VA001', 'Emma Brown', '2025-10-01', '2026-10-01', 'PA123456', 'V001'),
('VA002', 'Liam Smith', '2025-09-15', '2026-09-15', 'PB654321', 'V002'),
('VA003', 'Noah Kim', '2025-08-10', '2026-08-10', 'PC789123', 'V003');

-- DOCUMENTS
INSERT INTO document (document_id, document_type, received_date, visa_application_id) VALUES
('D001', 'Passport Copy', '2025-09-25', 'VA001'),
('D002', 'Bank Statement', '2025-09-10', 'VA002'),
('D003', 'Photo ID', '2025-08-05', 'VA003');

-- VISA STATUS
INSERT INTO visa_status (status_id, status, status_date, visa_application_id) VALUES
('VS001', 'Approved', '2025-10-05', 'VA001'),
('VS002', 'Pending', '2025-09-20', 'VA002'),
('VS003', 'Rejected', '2025-08-15', 'VA003');

-- LECTURE NOTES
INSERT INTO lecture_note (lecture_note_id, lecture_note_name, upload_date, class_id) VALUES
('LN001', 'Thai Alphabet Notes', '2025-11-04', 'C001'),
('LN002', 'English Grammar Notes', '2025-11-05', 'C002'),
('LN003', 'Computer Hardware Notes', '2025-11-06', 'C003');

-- POWERPOINT FILES
INSERT INTO powerpoint_file (ppf_id, ppf_name, upload_date, class_id) VALUES
('PPF001', 'Thai Lesson 1', '2025-11-04', 'C001'),
('PPF002', 'English Writing Skills', '2025-11-05', 'C002'),
('PPF003', 'Database Design', '2025-11-06', 'C003');

-- QUIZZES
INSERT INTO quiz (quiz_id, quiz_name, upload_date, class_id) VALUES
('QZ001', 'Thai Vocabulary Quiz', '2025-11-07', 'C001'),
('QZ002', 'English Listening Quiz', '2025-11-07', 'C002'),
('QZ003', 'Computing Basics Quiz', '2025-11-07', 'C003');

-- FEEDBACK
INSERT INTO feedback (feedback_id, student_id, class_id, rating, comment, date) VALUES
('FB001', 'S001', 'C001', 5, 'Amazing class and teacher!', '2025-11-08'),
('FB002', 'S002', 'C002', 4, 'Very helpful materials.', '2025-11-08'),
('FB003', 'S003', 'C003', 3, 'Challenging but good.', '2025-11-08');

-- ACTIVITY LOG
INSERT INTO activity_log (log_id, user_id, action_type, action_date, description) VALUES
('L001', 'U001', 'Login', '2025-11-10', 'Admin Alice logged in.'),
('L002', 'U002', 'Uploaded Material', '2025-11-10', 'Teacher David uploaded Thai Lesson 1 slides.'),
('L003', 'U003', 'Submitted Feedback', '2025-11-11', 'Student Emma submitted feedback for Thai class.');
